<?xml version="1.0"?>
<doc>
    <assembly>
        <name>CaseVerification.Tunnels</name>
    </assembly>
    <members>
        <member name="T:Atma.Tellus.Controllers.BarcodeController">
            <summary>
            Controller for barcode notifications
            </summary>
        </member>
        <member name="M:Atma.Tellus.Controllers.BarcodeController.#ctor(Microsoft.Extensions.Logging.ILogger{Atma.Tellus.Controllers.BarcodeController},Atma.Tellus.Application.Tunnel.IBarcodeReadDispatcher)">
            <summary>
            Creates a new instance of class BarcodeController
            </summary>
            <param name="logger"></param>
            <param name="barcodeReadDispatcher"></param>
        </member>
        <member name="M:Atma.Tellus.Controllers.BarcodeController.RecordBarcodeEvent(System.String,System.String,Atma.Tellus.Models.BarcodeReadRequestModel)">
            <summary>
            Notify Tellus that a barcode was scanned
            </summary>
            <param name="version">API version</param>
            <param name="tunnelName">Tunnel name</param>
            <param name="barcodeEvenRequestModel">Model containing the barcode and a timestamp </param>
            <returns></returns>
        </member>
        <member name="T:Atma.Tellus.Controllers.DiagnosticController">
            <summary>
            Service diagnostic endpoints
            </summary>
        </member>
        <member name="M:Atma.Tellus.Controllers.DiagnosticController.#ctor(Atma.Diagnostics.IDiagnosticHandler)">
            <summary>
            Creates a new instance of class DiagnosticController
            </summary>
            <param name="DiagnosticHandler"></param>
        </member>
        <member name="M:Atma.Tellus.Controllers.DiagnosticController.Hello(System.String,System.Threading.CancellationToken)">
            <summary>
            Health route to monitor system availability. Returns a warm greeting and the current service version.
            </summary>
            <param name="name">Your name</param>
            <param name="token">Cancellation token</param>
            <returns></returns>
        </member>
        <member name="M:Atma.Tellus.Controllers.DiagnosticController.DependencyCheck(Atma.Diagnostics.Models.DependencyCheckRequest,System.Threading.CancellationToken)">
            <summary>
            Dependancy check route to check service dependencies
            </summary>
            <param name="request">Request payload</param>
            <param name="token">Cancellation token</param>
            <returns>Status of the service dependencies</returns>
        </member>
        <member name="M:Atma.Tellus.Controllers.DiagnosticController.GetBuildInformation(System.Threading.CancellationToken)">
            <summary>
            Build information route to get build information
            </summary>
            <param name="token">Cancellation token</param>
            <returns>Build information</returns>
        </member>
        <member name="T:Atma.Tellus.Controllers.HealthController">
            <summary>
            Enables a basic system availability check
            </summary>
        </member>
        <member name="M:Atma.Tellus.Controllers.HealthController.#ctor(Microsoft.Extensions.Logging.ILogger{Atma.Tellus.Controllers.HealthController})">
            <summary>
            Creates a new instance of class HealthController
            </summary>
            <param name="logger"></param>
        </member>
        <member name="M:Atma.Tellus.Controllers.HealthController.Hello(System.String,System.String)">
            <summary>
            Health route to monitor system availability. Returns a warm greeting and the current service version.
            </summary>
            <param name="version">API version</param>
            <param name="name">Your name</param>
            <returns>Hello {name} and current service version.</returns>
        </member>
        <member name="T:Atma.Tellus.Converters.BarcodeReadConverter">
            <summary>
            Converter for the barcode event
            </summary>
        </member>
        <member name="M:Atma.Tellus.Converters.BarcodeReadConverter.ToDomain(Atma.Tellus.Models.BarcodeReadRequestModel,System.String)">
            <summary>
            Converts the barcode event request to model to a barcode read event
            </summary>
        </member>
        <member name="T:Atma.Tellus.Converters.ClassificationNotificationConverter">
            <summary>
            Converter for the classification result
            </summary>
        </member>
        <member name="M:Atma.Tellus.Converters.ClassificationNotificationConverter.ToModel(Atma.Tellus.Domain.TunnelNotification{Atma.Tellus.Domain.Classification.ClassificationResult})">
            <summary>
            Converts a tunnel notification of classification result to a classification result model
            </summary>
        </member>
        <member name="T:Atma.Tellus.Converters.GpoStateNotificationConverter">
            <summary>
            Converter for the gpo state
            </summary>
        </member>
        <member name="M:Atma.Tellus.Converters.GpoStateNotificationConverter.ToModel(Atma.Tellus.Domain.TunnelNotification{Atma.Tellus.Domain.Tunnel.GpoState})">
            <summary>
            Converts gpo state notification to the SignalR event model
            </summary>
            <param name="notification"></param>
            <returns></returns>
        </member>
        <member name="M:Atma.Tellus.Converters.GpoStateNotificationConverter.ToModel(Partner.ConnectedFulfillment.Common.Reader.Configuration.GpoTriggerType)">
            <summary>
            Convert gpo trigger type to model
            </summary>
            <param name="type"></param>
            <returns></returns>
            <exception cref="T:System.ArgumentOutOfRangeException"></exception>
        </member>
        <member name="T:Atma.Tellus.Converters.ReadResultConverter">
            <summary>
            Converter for the read result
            </summary>
        </member>
        <member name="M:Atma.Tellus.Converters.ReadResultConverter.ToModel(Atma.Tellus.Domain.TunnelNotification{Partner.CF.Common.Reconciliation.Abstractions.ReadResult})">
            <summary>
            Converts a tunnel notification of confirm carton result to confirm carton content result model
            </summary>
        </member>
        <member name="T:Atma.Tellus.Extensions.CustomTelemetryInitializer">
            <summary>
            Overwrites cloudrolename with setting value and add applicationId
            </summary>
        </member>
        <member name="M:Atma.Tellus.Extensions.CustomTelemetryInitializer.#ctor(System.String,System.String)">
            <summary>
            Custom telemetry initializer
            </summary>
            <param name="cloudRoleName"></param>
            <param name="applicationId"></param>
        </member>
        <member name="M:Atma.Tellus.Extensions.CustomTelemetryInitializer.Initialize(Microsoft.ApplicationInsights.Channel.ITelemetry)">
            <summary>
            Initialize with properties
            </summary>
            <param name="telemetry"></param>
        </member>
        <member name="T:Atma.Tellus.Extensions.ServiceCollectionExtensions">
            <summary>
            Adds custom telemetry initializer to service collection
            </summary>
        </member>
        <member name="M:Atma.Tellus.Extensions.ServiceCollectionExtensions.AddCustomApplicationInsightsInitializer(Microsoft.Extensions.DependencyInjection.IServiceCollection,System.String,System.String)">
            <summary>
            Adds cloudrole name and applciationId
            </summary>
            <param name="serviceCollection"></param>
            <param name="cloudRoleName"></param>
            <param name="applicationId"></param>
            <returns></returns>
        </member>
        <member name="T:Atma.Tellus.Hubs.ITunnelHub">
            <summary>
            Interface for the incoming SignalR requests
            </summary>
        </member>
        <member name="M:Atma.Tellus.Hubs.ITunnelHub.Connect(System.String)">
            <summary>
            Subscribe to a tunnel for notifications
            </summary>
            <param name="tunnelName"></param>
            <returns></returns>
        </member>
        <member name="M:Atma.Tellus.Hubs.ITunnelHub.CartonEnteredEvent(System.String,System.UInt16,System.Boolean,System.DateTimeOffset)">
            <summary>
            SignalR event that a carton has entered a specific tunnel
            </summary>
            <param name="tunnelName"></param>
            <param name="portNumber"></param>
            <param name="state"></param>
            <param name="timestamp"></param>
            <returns></returns>
        </member>
        <member name="M:Atma.Tellus.Hubs.ITunnelHub.CartonLeftEvent(System.String,System.UInt16,System.Boolean,System.DateTimeOffset)">
            <summary>
            SignalR event that a carton has left a specific tunnel
            </summary>
            <param name="tunnelName"></param>
            <param name="state"></param>
            <param name="timestamp"></param>
            <param name="portNumber"></param>
            <returns></returns>
        </member>
        <member name="T:Atma.Tellus.Hubs.TunnelHub">
            <summary>
            Hub for incoming SignalR requests
            </summary>
        </member>
        <member name="M:Atma.Tellus.Hubs.TunnelHub.#ctor(Microsoft.Extensions.Logging.ILogger{Atma.Tellus.Hubs.TunnelHub},Atma.Tellus.Services.ITunnelHubService,Atma.Tellus.Application.Tunnel.ITunnelEventWriter)">
            <summary> </summary>
        </member>
        <member name="M:Atma.Tellus.Hubs.TunnelHub.Connect(System.String)">
            <inheritdoc />
        </member>
        <member name="M:Atma.Tellus.Hubs.TunnelHub.CartonEnteredEvent(System.String,System.UInt16,System.Boolean,System.DateTimeOffset)">
            <inheritdoc />
        </member>
        <member name="M:Atma.Tellus.Hubs.TunnelHub.CartonLeftEvent(System.String,System.UInt16,System.Boolean,System.DateTimeOffset)">
            <inheritdoc />
        </member>
        <member name="M:Atma.Tellus.Hubs.TunnelHub.OnDisconnectedAsync(System.Exception)">
            <inheritdoc />
        </member>
        <member name="T:Atma.Tellus.Models.ClassificationResultModel">
            <summary>
            Model representation of a classification result
            </summary>
        </member>
        <member name="M:Atma.Tellus.Models.ClassificationResultModel.#ctor(System.String,System.String,System.Collections.Generic.IReadOnlyList{System.String})">
            <summary> </summary>
        </member>
        <member name="P:Atma.Tellus.Models.ClassificationResultModel.TunnelName">
            <summary>
            Tunnel name of classification result
            </summary>
        </member>
        <member name="P:Atma.Tellus.Models.ClassificationResultModel.CartonId">
            <summary>
            The id of the carton for which the classification was executed
            </summary>
        </member>
        <member name="P:Atma.Tellus.Models.ClassificationResultModel.Items">
            <summary>
            The epcs which where assigned to the carton during classification
            </summary>
        </member>
        <member name="T:Atma.Tellus.Models.ConfirmCartonContentResultModel">
            <summary>
            SignalR representation of carton content confirmation resulsult
            </summary>
        </member>
        <member name="M:Atma.Tellus.Models.ConfirmCartonContentResultModel.#ctor(System.String,System.String,Atma.Tellus.Models.ReadResultOutcomeModel)">
            <summary>
            </summary>
        </member>
        <member name="P:Atma.Tellus.Models.ConfirmCartonContentResultModel.TunnelName">
            <summary>
            Tunnel name of this confirmation result
            </summary>
        </member>
        <member name="P:Atma.Tellus.Models.ConfirmCartonContentResultModel.CartonId">
            <summary>
            Carton id of this confirmation result
            </summary>
        </member>
        <member name="P:Atma.Tellus.Models.ConfirmCartonContentResultModel.Outcome">
            <summary>
            Outcome of the read result
            </summary>
        </member>
        <member name="T:Atma.Tellus.Models.GpoStateModel">
            <summary>
            Gpo port state model for a specific tunnel
            </summary>
        </member>
        <member name="M:Atma.Tellus.Models.GpoStateModel.#ctor(System.String,System.UInt16,System.Boolean)">
            <summary>
            </summary>
            <param name="tunnelName"></param>
            <param name="port"></param>
            <param name="state"></param>
        </member>
        <member name="P:Atma.Tellus.Models.GpoStateModel.TunnelName">
            <summary>
            Tunnel name of GpoPort
            </summary>
        </member>
        <member name="F:Atma.Tellus.Models.GpoStateModel.Port">
            <summary>
            Affected port number
            </summary>
        </member>
        <member name="F:Atma.Tellus.Models.GpoStateModel.State">
            <summary>
            Value of port
            </summary>
        </member>
        <member name="T:Atma.Tellus.Models.GpoTriggerTypeModel">
            <summary>
            </summary>
        </member>
        <member name="F:Atma.Tellus.Models.GpoTriggerTypeModel.Heartbeat">
            <summary>
            </summary>
        </member>
        <member name="F:Atma.Tellus.Models.GpoTriggerTypeModel.GreenLight">
            <summary>
            </summary>
        </member>
        <member name="F:Atma.Tellus.Models.GpoTriggerTypeModel.OrangeLight">
            <summary>
            </summary>
        </member>
        <member name="F:Atma.Tellus.Models.GpoTriggerTypeModel.RedLight">
            <summary>
            </summary>
        </member>
        <member name="T:Atma.Tellus.Models.ReadResultOutcomeModel">
            <summary>
            Model for the outcome of a read result
            </summary>
        </member>
        <member name="F:Atma.Tellus.Models.ReadResultOutcomeModel.Ok">
            <summary>
            Carton is ok
            </summary>
        </member>
        <member name="F:Atma.Tellus.Models.ReadResultOutcomeModel.Nok">
            <summary>
            Carton is not ok
            </summary>
        </member>
        <member name="F:Atma.Tellus.Models.ReadResultOutcomeModel.Recirc">
            <summary>
            Carton should recirculate
            </summary>
        </member>
        <member name="F:Atma.Tellus.Models.ReadResultOutcomeModel.NoDataRecirc">
            <summary>
            Carton should recirculate on NoData
            </summary>
        </member>
        <member name="T:Atma.Tellus.Program">
            <summary>
            </summary>
        </member>
        <member name="M:Atma.Tellus.Program.Main(System.String[])">
            <summary>
            </summary>
            <param name="args"></param>
        </member>
        <member name="M:Atma.Tellus.Program.CreateHostBuilder(System.String[])">
            <summary>
            </summary>
            <param name="args"></param>
            <returns></returns>
        </member>
        <member name="T:Atma.Tellus.Services.BarcodeReadDispatcher">
            <summary>
            Dispatch read barcodes to Tellus
            </summary>
        </member>
        <member name="P:Atma.Tellus.Services.BarcodeReadDispatcher.Barcodes">
            <summary>
            Steam of read barcodes
            </summary>
        </member>
        <member name="M:Atma.Tellus.Services.BarcodeReadDispatcher.Dispatch(Atma.Tellus.Domain.BarcodeRead)">
            <summary>
            Add read barcode to queue
            </summary>
            <param name="value"></param>
        </member>
        <member name="T:Atma.Tellus.Services.ITunnelHubClient">
            <summary>
            Interface for outgoing SignalR requests
            </summary>
        </member>
        <member name="M:Atma.Tellus.Services.ITunnelHubClient.ClassificationNotification(Atma.Tellus.Models.ClassificationResultModel)">
            <summary>
            Sends a notification for the tunnel classification notification
            </summary>
        </member>
        <member name="M:Atma.Tellus.Services.ITunnelHubClient.ConfirmCartonContentResult(Atma.Tellus.Models.ConfirmCartonContentResultModel)">
            <summary>
            Event with information about carton content result.
            </summary>
        </member>
        <member name="M:Atma.Tellus.Services.ITunnelHubClient.GpoStateChange(Atma.Tellus.Models.GpoStateModel)">
            <summary>
            Event with information about the modified GPO state.
            </summary>
        </member>
        <member name="M:Atma.Tellus.Services.ITunnelHubClient.NotifyWcsEvent(Atma.Tellus.Models.WcsEventModel)">
            <summary>
            Event with information about wcs carton notification.
            </summary>
        </member>
        <member name="T:Atma.Tellus.Services.ITunnelHubService">
            <summary>
            Service to handle incoming messages over signalR
            </summary>
        </member>
        <member name="M:Atma.Tellus.Services.ITunnelHubService.OnConnect(System.String,System.String)">
            <summary>
            Subscribe to tunnels for notifications
            </summary>
            <param name="connectionId">The connectionId of the client</param>
            <param name="tunnelName">The names of the tunnel to subscribe to</param>
            <returns></returns>
        </member>
        <member name="M:Atma.Tellus.Services.ITunnelHubService.OnDisconnect(System.String)">
            <summary>
            Unsubscribe all open subscriptions for a given connectionId
            </summary>
            <param name="connectionId">The id for which the subscriptions should be closed</param>
            <returns></returns>
        </member>
        <member name="T:Atma.Tellus.Services.TellusInit">
            <inheritdoc />
        </member>
        <member name="M:Atma.Tellus.Services.TellusInit.#ctor(Microsoft.Extensions.Logging.ILogger{Atma.Tellus.Services.TellusInit},Microsoft.Extensions.Configuration.IConfiguration,Partner.ConnectedFulfillment.Common.Configuration.IConfigurationManager{Atma.Tellus.Domain.Configuration.RemoteConfiguration},Partner.ConnectedFulfillment.Common.Configuration.IConfigurationStrategy{Atma.Tellus.Domain.Configuration.RemoteConfiguration},Atma.Tellus.Application.Tunnel.ITunnelManager,Atma.Tellus.Application.Shipping.IConfirmationResultHandler,Atma.Tellus.Application.Shipping.ITunnelHistoryHandler,Atma.Tellus.Application.Shipping.IWcsHandler,Microsoft.Extensions.Hosting.IHostApplicationLifetime,Partner.CF.Common.CustomTagEncoding.CustomTagEncodingClient,Partner.CF.Common.TargetListCache.CacheWorkerHostedService)">
            <inheritdoc />
        </member>
        <member name="M:Atma.Tellus.Services.TellusInit.ExecuteAsync(System.Threading.CancellationToken)">
            <inheritdoc />
        </member>
        <member name="T:Atma.Tellus.Services.TunnelHubService">
            <summary>
            Service to manage SignalR clients and forward notification
            </summary>
        </member>
        <member name="M:Atma.Tellus.Services.TunnelHubService.#ctor(Microsoft.Extensions.Logging.ILogger{Atma.Tellus.Services.TunnelHubService},Microsoft.AspNetCore.SignalR.IHubContext{Atma.Tellus.Hubs.TunnelHub,Atma.Tellus.Services.ITunnelHubClient},Atma.Tellus.Application.Tunnel.ITunnelNotificationReader,Atma.Tellus.Application.Shipping.IWcsHandler)">
            <summary> </summary>
        </member>
        <member name="M:Atma.Tellus.Services.TunnelHubService.OnConnect(System.String,System.String)">
            <inheritdoc />
        </member>
        <member name="M:Atma.Tellus.Services.TunnelHubService.OnDisconnect(System.String)">
            <inheritdoc />
        </member>
        <member name="M:Atma.Tellus.Services.TunnelHubService.Dispose">
            <inheritdoc />
        </member>
        <member name="T:Atma.Tellus.Startup">
            <summary>
            </summary>
        </member>
        <member name="M:Atma.Tellus.Startup.#ctor(Microsoft.Extensions.Configuration.IConfiguration)">
            <summary>
            </summary>
            <param name="configuration"></param>
        </member>
        <member name="P:Atma.Tellus.Startup.Configuration">
            <summary>
            </summary>
        </member>
        <member name="M:Atma.Tellus.Startup.ConfigureServices(Microsoft.Extensions.DependencyInjection.IServiceCollection)">
            <summary>
            This method gets called by the runtime. Use this method to add services to the container.
            </summary>
            <param name="services"></param>
        </member>
        <member name="M:Atma.Tellus.Startup.Configure(Microsoft.AspNetCore.Builder.IApplicationBuilder,Microsoft.AspNetCore.Hosting.IWebHostEnvironment,Microsoft.Extensions.Hosting.IHostApplicationLifetime)">
            <summary>
            This method gets called by the runtime. Use this method to configure the HTTP request pipeline.
            </summary>
            <param name="app"></param>
            <param name="env"></param>
            <param name="lifetime"></param>
        </member>
    </members>
</doc>
